大类,小类,审核要求,判断结果,证据,判断说明,置信度
总说明,目的,为客户和施工单位提供场地准备信息，确保场地满足设备运送和安装要求,UNKNOWN,,图纸中未找到可验证的相关证据,0.0
总说明,角色定义,1. 飞利浦：设备制造商 / 提供商；2. 客户：买方 / 最终用户；3. 施工单位 / 第三方：负责场地设计施工；4. 屏蔽公司：负责射频屏蔽室施工（建议选用飞利浦认证）,UNKNOWN,,图纸中未找到可验证的相关证据,0.0
总说明,使用条件,1. 仅用于飞利浦设备场地准备，不可用于其他建筑 / 施工；2. 客户额外要求需告知飞利浦；3. 场地准备需符合本文件要求，偏离需经飞利浦项目经理同意；4. 需使用最新版本文件,UNKNOWN,p1:.5 3.6 3.1 室内盘管与室外机之间 3.8 有管路连接，需在墙面 3.9 开洞，具体位置由工程 师现场沟通决定 设备室 3.2 3.3 室外失超管从磁体后方 3.4 至走廊，向下至负一预 3940 两台MR共用 留地洞到一楼外墙，抬升,"大模型调用失败: HTTPSConnectionPool(host='dashscope.aliyuncs.com', port=443): Max retries exceeded with url: /compatible-mode/v1/chat/completions (Caused by NameResolutionError(""<urllib3.connection.HTTPSConnection object at 0x11732be00>: Failed to resolve 'dashscope.aliyuncs.com' ([Errno 8] nodename nor servname provided, or not known)""))",0.0
总说明,客户责任,1. 明确安装房间；2. 负责场地设计和施工；3. 确保工作区域可锁闭，限制无关人员出入；4. 告知场地周边不利影响情况并整改；5. 确保场地装修完成、清洁干燥，施工人员退场,UNKNOWN,p1:用 留地洞到一楼外墙，抬升 空调与冷水机室外 至5m水平排放， 机平台(须远离失 预计长30米，90°弯头3个 超管排放区域) 6000长，2000宽， 高出地面200 C20以上基础 注： 3.11 0.5mT磁场控制区域，带心脏起搏 器、胰,"大模型调用失败: HTTPSConnectionPool(host='dashscope.aliyuncs.com', port=443): Max retries exceeded with url: /compatible-mode/v1/chat/completions (Caused by NameResolutionError(""<urllib3.connection.HTTPSConnection object at 0x1176b3d40>: Failed to resolve 'dashscope.aliyuncs.com' ([Errno 8] nodename nor servname provided, or not known)""))",0.0
总说明,施工单位责任,严格按照国家相关规范及本文件要求施工，偏离需经飞利浦项目经理同意,UNKNOWN,,图纸中未找到可验证的相关证据,0.0
总说明,健康和安全 - 控制区域,1. 设定 0.5mT（5G）磁力线范围为控制区域，设置 “警告：此处有强磁场” 警示标志（地面标记 / 安全围栏等）；2. 带心脏起搏器、铁磁植入物等人员禁止进入控制区域；3. 检查室入口需设安全措施（如金属探测仪）；4. 铁磁物体禁止带入检查室；5. 非铁磁材料杜瓦罐需带标签方可带入,UNKNOWN,p1:ries exceeded with url: /compatible-mo...] 2050 7000 2400 Y 控制室 1.5 2.2 0.5mT出墙， 2.2 需做铁磁屏蔽 2.1 2500 3200 1.2 Z 5000 1.1 1 | p1:用 留地洞到一楼外墙，抬升 空调与冷水机室外 至5m水平排放， 机平台(须远离失 预计长30米，90°弯头3个 超管排放区域) 6000长，2000宽， 高出地面200 C20以上基础 注： 3.11 0.5mT磁场控制区域，带心脏起搏 器、胰 | p1:90°弯头3个 超管排放区域) 6000长，2000宽， 高出地面200 C20以上基础 注： 3.11 0.5mT磁场控制区域，带心脏起搏 器、胰岛素泵和其他金属在体内的 病人，请勿进入。 更衣1 氦气排放区域 必须在失超管墙外设置防护栏和警,"大模型调用失败: HTTPSConnectionPool(host='dashscope.aliyuncs.com', port=443): Max retries exceeded with url: /compatible-mode/v1/chat/completions (Caused by NameResolutionError(""<urllib3.connection.HTTPSConnection object at 0x1176b3830>: Failed to resolve 'dashscope.aliyuncs.com' ([Errno 8] nodename nor servname provided, or not known)""))",0.0
总说明,健康和安全 - 紧急退磁,1. 提供两个紧急退磁开关，仅紧急情况使用；2. 医疗急救需用非无磁仪器时，需先转出病人；3. 退磁后 30 秒内磁场中心强度降至 20mT（200G）以内,UNKNOWN,,图纸中未找到可验证的相关证据,0.0
总说明,健康和安全 - 液氦 / 氦气,1. 氦气积聚可能导致窒息，失超时需通过排放系统排至室外；2. 液氦接触人体会冻伤，需专用防护装备；3. 仅培训人员可接触低温液体；4. 氦气排放管出口需设禁止进入区域，定期检查；5. 磁体通电前需安装好排放管和紧急退磁开关,UNKNOWN,p1:以上基础 注： 3.11 0.5mT磁场控制区域，带心脏起搏 器、胰岛素泵和其他金属在体内的 病人，请勿进入。 更衣1 氦气排放区域 必须在失超管墙外设置防护栏和警 系 统 布 局 图 告标志，防止意外冻伤。 .redloh thgirypoc | p1:管与室外机之间 3.8 有管路连接，需在墙面 3.9 开洞，具体位置由工程 师现场沟通决定 设备室 3.2 3.3 室外失超管从磁体后方 3.4 至走廊，向下至负一预 3940 两台MR共用 留地洞到一楼外墙，抬升 空调与冷水机室外 至5m水平 | p1:管从磁体后方 3.4 至走廊，向下至负一预 3940 两台MR共用 留地洞到一楼外墙，抬升 空调与冷水机室外 至5m水平排放， 机平台(须远离失 预计长30米，90°弯头3个 超管排放区域) 6000长，2000宽， 高出地面200 C20以上,"大模型调用失败: HTTPSConnectionPool(host='dashscope.aliyuncs.com', port=443): Max retries exceeded with url: /compatible-mode/v1/chat/completions (Caused by NameResolutionError(""<urllib3.connection.HTTPSConnection object at 0x114c348c0>: Failed to resolve 'dashscope.aliyuncs.com' ([Errno 8] nodename nor servname provided, or not known)""))",0.0
设备资料,磁体参数 - 尺寸,1. Ingenia 3.0T：1838x2278x2505mm；2. Ingenia MR 5300：1838x2278x2505mm；3. Achieva 1.5T：2198x4444x2492mm；4. Ingenia MR 7700：1868x2278x2505mm；5. Ingenia 3.0T CX：2199x4391x2504mm Prodiva 2180x4830x2478mm 6 Multiva 1.5T  2052x4417x2499mm   Achieva3.0: 2198x4444x2492mm  Ingenia Elation 2278x1838x2505,UNKNOWN,,图纸中未找到可验证的相关证据,0.0
设备资料,磁体参数 - 重量,1. Ingenia 3.0T：6100kg；2. Ingenia MR 5300：3700kg；3. Achieva 1.5T：4630kg；4. Ingenia MR 7700：6300kg；5. Ingenia 3.0T CX：5660kg Prodiva 3665KG  Multiva 1.5T 4500KG    Achieva3.0T 6100KG  Ingenia Elition 6300KG,UNKNOWN,,图纸中未找到可验证的相关证据,0.0
设备资料,磁体参数 - 噪声,1. Ingenia 3.0T：94-99dB (A)（检查室）；2. Ingenia MR 5300：94-99dB (A)（检查室）；3. Achieva 1.5T：99-105dB (A)；4. Ingenia MR 7700：95dB (A)（检查室）；5. Ingenia 3.0T CX：105dB (A) Pridiva 99-105db   Achieva 3.0:99-105db Multiva 1.5T  99-105db  Ingenia Elition 94-99db,UNKNOWN,p1:.5 2.2 0.5mT出墙， 2.2 需做铁磁屏蔽 2.1 2500 3200 1.2 Z 5000 1.1 1.4 检查室 磁体入口，洞口大小： Tm 7 2300宽x2600高 Tm 3 洞口待磁体进入后再砌墙封闭 Tm 1 Tm 5.0,"大模型调用失败: HTTPSConnectionPool(host='dashscope.aliyuncs.com', port=443): Max retries exceeded with url: /compatible-mode/v1/chat/completions (Caused by NameResolutionError(""<urllib3.connection.HTTPSConnection object at 0x114b86420>: Failed to resolve 'dashscope.aliyuncs.com' ([Errno 8] nodename nor servname provided, or not known)""))",0.0
设备资料,病人床参数 - 尺寸,1. Ingenia 3.0T/Ingenia MR 5300/Ingenia MR 7700：560x2500x947mm；2. Achieva 1.5T：含磁体整体尺寸 2198x4444x2492mm；3. Ingenia 3.0T CX：含磁体整体尺寸 2199x4391x2504mm Pridiva 2180x4830x2478含磁体整体尺寸  Multiva 1.5T 2052x4417x2499mm含磁体整体尺寸 Achieva 3.0T: 2198x4444x2492 含磁体整体尺寸   Ingenia Elition 560x2500x947MM,UNKNOWN,,图纸中未找到可验证的相关证据,0.0
设备资料,病人床参数 - 重量,1. Ingenia 3.0T/Ingenia MR 5300/Ingenia MR 7700：260kg；2. Achieva 1.5T：165KG；3. Ingenia 3.0T CX：含磁体整体重量 5660kg Prodiva 268KG  Multiva165KG Achieva3.0T 260KG  Ingenia Elition 260KG,UNKNOWN,,图纸中未找到可验证的相关证据,0.0
运输要求,操作车辆,需使用大卡车、铲车、吊车、液压车,UNKNOWN,,图纸中未找到可验证的相关证据,0.0
运输要求,磁体入口尺寸,1. 开墙洞：2.50m（宽）x2.50m（高）；2. 屋顶吊装：2.50m（长）x2.50m（宽）,UNKNOWN,p1:屏蔽 2.1 2500 3200 1.2 Z 5000 1.1 1.4 检查室 磁体入口，洞口大小： Tm 7 2300宽x2600高 Tm 3 洞口待磁体进入后再砌墙封闭 Tm 1 Tm 5.0 8'进水管需加三通 Ø50mm的下水管 Tm | p1:2500 3200 1.2 Z 5000 1.1 1.4 检查室 磁体入口，洞口大小： Tm 7 2300宽x2600高 Tm 3 洞口待磁体进入后再砌墙封闭 Tm 1 Tm 5.0 8'进水管需加三通 Ø50mm的下水管 Tm 3.0 1 | p1:向下至负一预 3940 两台MR共用 留地洞到一楼外墙，抬升 空调与冷水机室外 至5m水平排放， 机平台(须远离失 预计长30米，90°弯头3个 超管排放区域) 6000长，2000宽， 高出地面200 C20以上基础 注： 3.11 0.5,"大模型调用失败: HTTPSConnectionPool(host='dashscope.aliyuncs.com', port=443): Max retries exceeded with url: /compatible-mode/v1/chat/completions (Caused by NameResolutionError(""<urllib3.connection.HTTPSConnection object at 0x1176f4830>: Failed to resolve 'dashscope.aliyuncs.com' ([Errno 8] nodename nor servname provided, or not known)""))",0.0
运输要求,走廊尺寸,2.50m（宽）x2.60m（高）,UNKNOWN,p1:屏蔽 2.1 2500 3200 1.2 Z 5000 1.1 1.4 检查室 磁体入口，洞口大小： Tm 7 2300宽x2600高 Tm 3 洞口待磁体进入后再砌墙封闭 Tm 1 Tm 5.0 8'进水管需加三通 Ø50mm的下水管 Tm | p1:2500 3200 1.2 Z 5000 1.1 1.4 检查室 磁体入口，洞口大小： Tm 7 2300宽x2600高 Tm 3 洞口待磁体进入后再砌墙封闭 Tm 1 Tm 5.0 8'进水管需加三通 Ø50mm的下水管 Tm 3.0 1 | p1:Tm 7 2300宽x2600高 Tm 3 洞口待磁体进入后再砌墙封闭 Tm 1 Tm 5.0 8'进水管需加三通 Ø50mm的下水管 Tm 3.0 1.3 235 分别接至空调、 地漏 通至室外下水沟 水冷机和LCC 装饰层 屏蔽层 原始墙,"大模型调用失败: HTTPSConnectionPool(host='dashscope.aliyuncs.com', port=443): Max retries exceeded with url: /compatible-mode/v1/chat/completions (Caused by NameResolutionError(""<urllib3.connection.HTTPSConnection object at 0x1176f50a0>: Failed to resolve 'dashscope.aliyuncs.com' ([Errno 8] nodename nor servname provided, or not known)""))",0.0
运输要求,检查室门尺寸,"1.20m（宽）x2.10m（高）（加液氦通道,500L液氦杜瓦罐）(如果液氦杜瓦罐是小瓶250L,尺寸要求 900 （宽）x2020 高，)",UNKNOWN,p1:屏蔽 2.1 2500 3200 1.2 Z 5000 1.1 1.4 检查室 磁体入口，洞口大小： Tm 7 2300宽x2600高 Tm 3 洞口待磁体进入后再砌墙封闭 Tm 1 Tm 5.0 8'进水管需加三通 Ø50mm的下水管 Tm | p1:2500 3200 1.2 Z 5000 1.1 1.4 检查室 磁体入口，洞口大小： Tm 7 2300宽x2600高 Tm 3 洞口待磁体进入后再砌墙封闭 Tm 1 Tm 5.0 8'进水管需加三通 Ø50mm的下水管 Tm 3.0 1,"大模型调用失败: HTTPSConnectionPool(host='dashscope.aliyuncs.com', port=443): Max retries exceeded with url: /compatible-mode/v1/chat/completions (Caused by NameResolutionError(""<urllib3.connection.HTTPSConnection object at 0x1176f59d0>: Failed to resolve 'dashscope.aliyuncs.com' ([Errno 8] nodename nor servname provided, or not known)""))",0.0
运输要求,设备室门尺寸,1.20m（宽）x2.10m（高）,UNKNOWN,p1:屏蔽 2.1 2500 3200 1.2 Z 5000 1.1 1.4 检查室 磁体入口，洞口大小： Tm 7 2300宽x2600高 Tm 3 洞口待磁体进入后再砌墙封闭 Tm 1 Tm 5.0 8'进水管需加三通 Ø50mm的下水管 Tm | p1:2500 3200 1.2 Z 5000 1.1 1.4 检查室 磁体入口，洞口大小： Tm 7 2300宽x2600高 Tm 3 洞口待磁体进入后再砌墙封闭 Tm 1 Tm 5.0 8'进水管需加三通 Ø50mm的下水管 Tm 3.0 1,"大模型调用失败: HTTPSConnectionPool(host='dashscope.aliyuncs.com', port=443): Max retries exceeded with url: /compatible-mode/v1/chat/completions (Caused by NameResolutionError(""<urllib3.connection.HTTPSConnection object at 0x11764f6b0>: Failed to resolve 'dashscope.aliyuncs.com' ([Errno 8] nodename nor servname provided, or not known)""))",0.0
运输要求,运输时振动加速度限值,竖直方向≤2g，其他方向≤1g,UNKNOWN,,图纸中未找到可验证的相关证据,0.0
运输要求,磁体运输尺寸 - 带外壳,1. Ingenia 3.0T：1870x2280mm（重量 6100kg）；2. Ingenia MR 5300：1870x2280mm（重量 3700kg）；3. Ingenia MR 7700：1870x2280mm（重量 6300kg）；4. Achieva 1.5T：2060x1780x2400mm（重量 3800kg）；5. Ingenia 3.0T CX：1920x1780x2480mm（重量 5660kg）Prodiva 1.5T 2020x1880x2200mm（重量3665kg）Multiva 1.5T 2060x1780x2400mm （重量 4500kg）Achieva 3.0T：1920x1780x2480mm（重量 6100kg）Ingenia Elition  1870x2280mm（重量6300kg),UNKNOWN,,图纸中未找到可验证的相关证据,0.0
运输要求,存放条件 - 温度,1. 常规：-20~50°C；由于每台机器都有测试水膜，水膜适用温度在 5~50°C，过低都会把水膜冻裂,UNKNOWN,,图纸中未找到可验证的相关证据,0.0
运输要求,存放条件 - 湿度,5%~95%（无冷凝）,UNKNOWN,,图纸中未找到可验证的相关证据,0.0
运输要求,存放条件 - 仓库面积,大于 40m²，封闭区域,UNKNOWN,,图纸中未找到可验证的相关证据,0.0
运输要求,存放条件 - 大气压力,1. Ingenia 3.0T/Ingenia MR 7700/Ingenia 3.0T CX/Prodiva 1.5T/Mulitiva 1.5T/Ingenia Elition ：50kPa~106kPa；2. Ingenia MR 5300：700hPa~1100hPa；3. Achieva 1.5T：无明确要求（默认遵循常规）,UNKNOWN,,图纸中未找到可验证的相关证据,0.0
运输要求,存放条件 - 倾斜角度,1. 无额外液氦挥发：≤5°（Ingenia 3.0T/Ingenia 3.0T CX）；≤20°（Ingenia MR 5300/Ingenia MR 7700）；2. 大量液氦挥发：≤20°（所有型号）,UNKNOWN,,图纸中未找到可验证的相关证据,0.0
机房选址,静态铁磁物体,"1. 磁体中心轴两侧 3mx3m 范围内：地面以下 50mm 内无铁磁物质；50~250mm 内铁磁物质≤25kg/m²；250mm 以下可忽略，需均匀分布；2. 非均匀铁磁物质（如钢梁）：长轴垂直 Z 轴时距等中心 > 1.25m，其他角度 > 1.6m；3. 大质量铁磁物质 / 结构距磁体中心≥2.5m ,3 在最终完成地面以下 0.25m 至 0.68m 之间，非均匀的铁磁性物质（如钢梁）的长
轴方向必须与磁体 Z 轴垂直。
⚫ 其他角度的铁磁性物质必须距离最终完成地面 0.68m 以外。
⚫ 质量较大的铁磁性物质或铁制结构必须放置在磁体中心至少 2.5m 远的地方。（对于Achieva,Prodiva ,)",UNKNOWN,p1:.2 0.5mT出墙， 2.2 需做铁磁屏蔽 2.1 2500 3200 1.2 Z 5000 1.1 1.4 检查室 磁体入口，洞口大小： Tm 7 2300宽x2600高 Tm 3 洞口待磁体进入后再砌墙封闭 Tm 1 Tm 5.0 8'进,"大模型调用失败: HTTPSConnectionPool(host='dashscope.aliyuncs.com', port=443): Max retries exceeded with url: /compatible-mode/v1/chat/completions (Caused by NameResolutionError(""<urllib3.connection.HTTPSConnection object at 0x1176b3c80>: Failed to resolve 'dashscope.aliyuncs.com' ([Errno 8] nodename nor servname provided, or not known)""))",0.0
机房选址,移动铁磁物体最小距离,需根据物体重量及与磁体等中心的轴向（Z 轴 / X/Y 轴）距离确定，重量越大、距离越近，要求越严格（具体参照各型号手册中的距离表格）,UNKNOWN,,图纸中未找到可验证的相关证据,0.0
机房选址,移动的磁化物体,安全距离 = 移动铁磁物体质量 ×10，再参照 “移动铁磁性物体最小距离要求表” 查询,UNKNOWN,p1:mpatible-mo...] 2050 7000 2400 Y 控制室 1.5 2.2 0.5mT出墙， 2.2 需做铁磁屏蔽 2.1 2500 3200 1.2 Z 5000 1.1 1.4 检查室 磁体入口，洞口大小： Tm 7 2300,"大模型调用失败: HTTPSConnectionPool(host='dashscope.aliyuncs.com', port=443): Max retries exceeded with url: /compatible-mode/v1/chat/completions (Caused by NameResolutionError(""<urllib3.connection.HTTPSConnection object at 0x1176f5910>: Failed to resolve 'dashscope.aliyuncs.com' ([Errno 8] nodename nor servname provided, or not known)""))",0.0
机房选址,电力轨道交通系统最小距离,1. 电流 750A：平行 Z 轴（0°）18m，90°24m（Ingenia 3.0T/Ingenia MR 7700/Achieva 3.0T/Ingenia Elition）；17m（0°），25m（90°）（Ingenia MR 5300/Achieva 1.5T/Multiva1.5T）；平行 Z 轴（0°）17m，90°25m（Prodiva）2. 电流 2000A：平行 Z 轴（0°）26m，90°34m（Ingenia 3.0T/Ingenia MR 7700/Achieva 3.0T/Ingenia Elition ）；32m（0°），41m（90°）（Ingenia MR 5300/Achieva 1.5T）;18m（0°），41m（90°）（Prodiva1.5t/Multiva1.5T）,UNKNOWN,,图纸中未找到可验证的相关证据,0.0
机房选址,电磁场干扰源最小距离,1. 电缆线：22.4×√电流大小（A）（厘米）；2. 变压器：39.4× 功率（KVA）（厘米）；3. 电动机：91.4× 功率（KVA）（厘米）,UNKNOWN,,图纸中未找到可验证的相关证据,0.0
机房选址,磁体间干扰,"1. 相邻磁共振等中心场强 <0.05mT：允许；2. 0.05~0.3mT：需重新匀场；3.>0.3mT：不允许(此值只限于飞利浦磁共振系统,其他品牌需要和其他厂商确认）",UNKNOWN,,图纸中未找到可验证的相关证据,0.0
机房选址,振动干扰 - 连续振动,1. 来源：电动马达、空调系统等；2. 解决方式：去除振动源或安装防震垫,UNKNOWN,,图纸中未找到可验证的相关证据,0.0
机房选址,振动干扰 - 随机振动,1. 来源：车辆、人员走动、建筑共振等；2. 解决方式：改变建筑结构（如安装隔离平台），需专业工程师设计,UNKNOWN,,图纸中未找到可验证的相关证据,0.0
机房选址,干扰测试,1. 测试内容：DC、AC、Vibration；2. 测试探头：磁体中心位置，沿 Z 轴放置，每偏转 45° 测试；3. 测试时段：工作时段，干扰源开启至最大值；4. 测试取值：Peak-to-Peak 值,UNKNOWN,,图纸中未找到可验证的相关证据,0.0
施工要求,通用要求,1. 机房准备及监理需由有资质专业公司负责，客户签订合同并监督；2. 遵守国家 / 地方相关法规；3. 飞利浦提供设备重量等数据供参考，客户 / 施工单位负责地面 / 天花 / 墙面承重确认；4. 严格检查房间尺寸，偏差需及时告知飞利浦,UNKNOWN,,图纸中未找到可验证的相关证据,0.0
检查室要求,净尺寸 - 长度,"1. 推荐：Ingenia 3.0T>7500mm，Ingenia MR 5300/Ingenia Elition>7000mm，Achieva 1.5T/Multiva 1.5T>7000mm，Ingenia MR 7700>7000mm，Ingenia 3.0T CX/Achieva 3.0T>7500mm；2. 最小：所有型号(除了Prodiva 1.5T)≥6100mm 3 Prodiva 1.5T >70000mm,最小5700mm",UNKNOWN,,图纸中未找到可验证的相关证据,0.0
检查室要求,净尺寸 - 宽度,"1. 推荐：Ingenia 3.0T>6000mm，Ingenia MR 5300>4800mm，Achieva 1.5T/Multiva 1.5T>5000mm，Ingenia MR 7700/Ingenia Elition>6200mm，Ingenia 3.0T CX/Achieva 3.0T>6000mm；2. 最小：所有型号≥4500mm 3 Prodiva>4700MM,最小3350mm磁体左侧最小 1805mm，右侧最小 1542mm。,Ingenia Elition 当磁体中心距后方完成面＞2m 时，最小宽度为 3.4m。当磁体中心距后方完成面＜2m时，最小宽度为 3.6m。",UNKNOWN,p1:间 3.8 有管路连接，需在墙面 3.9 开洞，具体位置由工程 师现场沟通决定 设备室 3.2 3.3 室外失超管从磁体后方 3.4 至走廊，向下至负一预 3940 两台MR共用 留地洞到一楼外墙，抬升 空调与冷水机室外 至5m水平排放， 机平,"大模型调用失败: HTTPSConnectionPool(host='dashscope.aliyuncs.com', port=443): Max retries exceeded with url: /compatible-mode/v1/chat/completions (Caused by NameResolutionError(""<urllib3.connection.HTTPSConnection object at 0x1176f4b30>: Failed to resolve 'dashscope.aliyuncs.com' ([Errno 8] nodename nor servname provided, or not known)""))",0.0
检查室要求,净尺寸 - 屏蔽屋高度,1. 推荐：所有型号 > 3200mm；2. 最小：所有型号≥3000mm（Ingenia MR 7700 建议≥3000mm，Ingenia 3.0T CX 建议≥3200mm）Prodiva 最小2650MM，小屏蔽高度取决于假顶与失超管高度,UNKNOWN,p1:与室外机之间 3.8 有管路连接，需在墙面 3.9 开洞，具体位置由工程 师现场沟通决定 设备室 3.2 3.3 室外失超管从磁体后方 3.4 至走廊，向下至负一预 3940 两台MR共用 留地洞到一楼外墙，抬升 空调与冷水机室外 至5m水平排,"大模型调用失败: HTTPSConnectionPool(host='dashscope.aliyuncs.com', port=443): Max retries exceeded with url: /compatible-mode/v1/chat/completions (Caused by NameResolutionError(""<urllib3.connection.HTTPSConnection object at 0x1176f4560>: Failed to resolve 'dashscope.aliyuncs.com' ([Errno 8] nodename nor servname provided, or not known)""))",0.0
检查室要求,房间通用要求,1. 室内金属物体需为非铁磁性材料；2. 接入的电线、管道等需通过滤波器 / 波导管滤波；3. 房顶无水管 / 水槽，下方避免管道经过；4. 防止屏蔽体泡水,UNKNOWN,p1:外下水沟 水冷机和LCC 装饰层 屏蔽层 原始墙 200 3.7 200 Tm 1.0 600 3.5 3.6 3.1 室内盘管与室外机之间 3.8 有管路连接，需在墙面 3.9 开洞，具体位置由工程 师现场沟通决定 设备室 3.2 3.3 室 | p1:长，2000宽， 高出地面200 C20以上基础 注： 3.11 0.5mT磁场控制区域，带心脏起搏 器、胰岛素泵和其他金属在体内的 病人，请勿进入。 更衣1 氦气排放区域 必须在失超管墙外设置防护栏和警 系 统 布 局 图 告标志，防止意外冻,"大模型调用失败: HTTPSConnectionPool(host='dashscope.aliyuncs.com', port=443): Max retries exceeded with url: /compatible-mode/v1/chat/completions (Caused by NameResolutionError(""<urllib3.connection.HTTPSConnection object at 0x1176f66f0>: Failed to resolve 'dashscope.aliyuncs.com' ([Errno 8] nodename nor servname provided, or not known)""))",0.0
检查室要求,屏蔽要求 - 衰减值,频率 10M-130MHz 范围内，衰减值≥100dB，安装前需第三方检测（标准：MIL-STD-285 或 GB/T 12190）,UNKNOWN,p1:- ---- 院医合结医西中京南 ：LET ：期日 ：例比 ：号目项 ---- ---- ---- ---- 使接直件文或纸图工施筑建为作能不，考参户客供仅息信的中纸图套本 。用 0 1 2 3 4 5m 1 2 3m / 13 05:1 A,"大模型调用失败: HTTPSConnectionPool(host='dashscope.aliyuncs.com', port=443): Max retries exceeded with url: /compatible-mode/v1/chat/completions (Caused by NameResolutionError(""<urllib3.connection.HTTPSConnection object at 0x114c341d0>: Failed to resolve 'dashscope.aliyuncs.com' ([Errno 8] nodename nor servname provided, or not known)""))",0.0
检查室要求,屏蔽要求 - 绝缘,屏蔽室对地绝缘电阻 > 3kΩ,UNKNOWN,p1:atible-mo...] 2050 7000 2400 Y 控制室 1.5 2.2 0.5mT出墙， 2.2 需做铁磁屏蔽 2.1 2500 3200 1.2 Z 5000 1.1 1.4 检查室 磁体入口，洞口大小： Tm 7 2300宽x,"大模型调用失败: HTTPSConnectionPool(host='dashscope.aliyuncs.com', port=443): Max retries exceeded with url: /compatible-mode/v1/chat/completions (Caused by NameResolutionError(""<urllib3.connection.HTTPSConnection object at 0x1173722a0>: Failed to resolve 'dashscope.aliyuncs.com' ([Errno 8] nodename nor servname provided, or not known)""))",0.0
检查室要求,屏蔽要求 - 门机联锁,1. 屏蔽门行程开关需连接至 DACC 机柜，留出 2m 余量；2. 屏蔽门打开时设备禁止发射电磁波，否则可能导致电磁辐射风险,UNKNOWN,p1:atible-mo...] 2050 7000 2400 Y 控制室 1.5 2.2 0.5mT出墙， 2.2 需做铁磁屏蔽 2.1 2500 3200 1.2 Z 5000 1.1 1.4 检查室 磁体入口，洞口大小： Tm 7 2300宽x | p1:蔽层 原始墙 200 3.7 200 Tm 1.0 600 3.5 3.6 3.1 室内盘管与室外机之间 3.8 有管路连接，需在墙面 3.9 开洞，具体位置由工程 师现场沟通决定 设备室 3.2 3.3 室外失超管从磁体后方 3.4 至走廊，,"大模型调用失败: HTTPSConnectionPool(host='dashscope.aliyuncs.com', port=443): Max retries exceeded with url: /compatible-mode/v1/chat/completions (Caused by NameResolutionError(""<urllib3.connection.HTTPSConnection object at 0x1176f49b0>: Failed to resolve 'dashscope.aliyuncs.com' ([Errno 8] nodename nor servname provided, or not known)""))",0.0
检查室要求,屏蔽要求 - 材料,屏蔽窗采用钢化安全玻璃，屏蔽室施工由屏蔽公司完成,UNKNOWN,p1:atible-mo...] 2050 7000 2400 Y 控制室 1.5 2.2 0.5mT出墙， 2.2 需做铁磁屏蔽 2.1 2500 3200 1.2 Z 5000 1.1 1.4 检查室 磁体入口，洞口大小： Tm 7 2300宽x,"大模型调用失败: HTTPSConnectionPool(host='dashscope.aliyuncs.com', port=443): Max retries exceeded with url: /compatible-mode/v1/chat/completions (Caused by NameResolutionError(""<urllib3.connection.HTTPSConnection object at 0x1176f5070>: Failed to resolve 'dashscope.aliyuncs.com' ([Errno 8] nodename nor servname provided, or not known)""))",0.0
检查室要求,失超管要求 - 存在性,1. 需设置：Ingenia 3.0T、Achieva 1.5T/Achieva 3.0T/Multiva 1.5T、Ingenia MR 7700、Ingenia 3.0T CX，Prodiva 1.5T；Ingenia Elition 2. 无需设置：Ingenia MR 5300（BlueSeal 技术）,UNKNOWN,,图纸中未找到可验证的相关证据,0.0
检查室要求,地面要求 - 平整度,1. 磁体基础范围（A 区域）：任意两点水平差≤2.5mm（Ingenia 3.0T/Ingenia 3.0T CX/Ingenia Elition）；≤5mm（其他型号）；2. 其他区域（B 区域）：任意两点水平差≤±10mm（Ingenia 3.0T/Ingenia 3.0T CX）；≤20mm（其他型号）；3. 屏蔽层处地面：任意两点水平差≤2.5mm/m（Ingenia 3.0T）；≤5mm（其他型号）,UNKNOWN,p1:用 留地洞到一楼外墙，抬升 空调与冷水机室外 至5m水平排放， 机平台(须远离失 预计长30米，90°弯头3个 超管排放区域) 6000长，2000宽， 高出地面200 C20以上基础 注： 3.11 0.5mT磁场控制区域，带心脏起搏 器、胰 | p1:失超管从磁体后方 3.4 至走廊，向下至负一预 3940 两台MR共用 留地洞到一楼外墙，抬升 空调与冷水机室外 至5m水平排放， 机平台(须远离失 预计长30米，90°弯头3个 超管排放区域) 6000长，2000宽， 高出地面200 C20,"大模型调用失败: HTTPSConnectionPool(host='dashscope.aliyuncs.com', port=443): Max retries exceeded with url: /compatible-mode/v1/chat/completions (Caused by NameResolutionError(""<urllib3.connection.HTTPSConnection object at 0x1176f6a50>: Failed to resolve 'dashscope.aliyuncs.com' ([Errno 8] nodename nor servname provided, or not known)""))",0.0
检查室要求,地面要求 - 基础承重,1. 磁体地垫总受力：Ingenia 3.0T 61KN，Ingenia MR 5300 37KN，Achieva 1.5T/Multiva 1.5T  12.5KN，Ingenia MR 7700/Ingenia Elition 64KN，Ingenia 3.0T CX /Achieva 3.0T  23KN / 地垫；Prodiva 40.6KN2. 病人床地垫：横向受力 4KN，向上受力 10KN（单个螺栓），向下受力 5KN   (Multiva 1.5T 是10KN）,UNKNOWN,p1:.2 0.5mT出墙， 2.2 需做铁磁屏蔽 2.1 2500 3200 1.2 Z 5000 1.1 1.4 检查室 磁体入口，洞口大小： Tm 7 2300宽x2600高 Tm 3 洞口待磁体进入后再砌墙封闭 Tm 1 Tm 5.0 8'进,"大模型调用失败: HTTPSConnectionPool(host='dashscope.aliyuncs.com', port=443): Max retries exceeded with url: /compatible-mode/v1/chat/completions (Caused by NameResolutionError(""<urllib3.connection.HTTPSConnection object at 0x1176f7380>: Failed to resolve 'dashscope.aliyuncs.com' ([Errno 8] nodename nor servname provided, or not known)""))",0.0
检查室要求,地面要求 - 地垫材料,1. 磁体地垫：≥20mm 厚铝板；2. 病人床地垫：≥20mm 厚不锈钢或铝片,UNKNOWN,,图纸中未找到可验证的相关证据,0.0
检查室要求,地面要求 - 绝缘电阻,地面绝缘电阻 < 1×10⁹Ω/m²（参照 NEN EN IEC 61340-4）,UNKNOWN,,图纸中未找到可验证的相关证据,0.0
检查室要求,天花要求 - 吊顶,"1. 推荐非金属材料，需有降噪效果；2. 磁体上方留 1440x720mm 开口（无吊顶）(Achieva 1.5/Achieva 3.0t/Multiva1.5T/Ingenia 3.0CX），外侧设 1440x800mm 活动假顶(Achieva 1.5/Achieva 3.0t/Multiva1.5T/Ingenia 3.0T CX）3 磁体上方留 1160x550mm 开口（无吊顶）(Prodiva 1.5T,），外侧设 11600x600mm 活动假顶(Prodiva 1.5T,）；4 磁体上方留 1440x700mm 开口（无吊顶）(Ingenia系列 ），外侧设 1440x600mm 活动假顶Ingenia 系列）； 5. 磁体维修空间内无低于 2600mm 的悬吊物体；4. 金属部件需与射频屏蔽接地连接",UNKNOWN,p1:.2 0.5mT出墙， 2.2 需做铁磁屏蔽 2.1 2500 3200 1.2 Z 5000 1.1 1.4 检查室 磁体入口，洞口大小： Tm 7 2300宽x2600高 Tm 3 洞口待磁体进入后再砌墙封闭 Tm 1 Tm 5.0 8'进,"大模型调用失败: HTTPSConnectionPool(host='dashscope.aliyuncs.com', port=443): Max retries exceeded with url: /compatible-mode/v1/chat/completions (Caused by NameResolutionError(""<urllib3.connection.HTTPSConnection object at 0x114c36ea0>: Failed to resolve 'dashscope.aliyuncs.com' ([Errno 8] nodename nor servname provided, or not known)""))",0.0
检查室要求,天花要求 - 扬声器,1. 两个扬声器安装在吊顶上（磁体前后各一个），需在 100mT 磁场区域外；2. 吊顶需承受 25N 重量；3. 通过吊环（屏蔽公司提供）和安全绳索（飞利浦提供）固定，吊环距扬声器≤2.5m，承受 250N 拉力,UNKNOWN,p1:.2 0.5mT出墙， 2.2 需做铁磁屏蔽 2.1 2500 3200 1.2 Z 5000 1.1 1.4 检查室 磁体入口，洞口大小： Tm 7 2300宽x2600高 Tm 3 洞口待磁体进入后再砌墙封闭 Tm 1 Tm 5.0 8'进,"大模型调用失败: HTTPSConnectionPool(host='dashscope.aliyuncs.com', port=443): Max retries exceeded with url: /compatible-mode/v1/chat/completions (Caused by NameResolutionError(""<urllib3.connection.HTTPSConnection object at 0x1176f58e0>: Failed to resolve 'dashscope.aliyuncs.com' ([Errno 8] nodename nor servname provided, or not known)""))",0.0
检查室要求,天花线槽要求 - 截面积,1. 最小：500x100mm（Ingenia MR 5300/Ingenia MR 7700）；600x100mm（其他型号）；2. 推荐：800x100mm（所有型号）,UNKNOWN,,图纸中未找到可验证的相关证据,0.0
检查室要求,天花线槽要求 - 高度,假顶以上 80mm，距最终地面 2600mm,UNKNOWN,,图纸中未找到可验证的相关证据,0.0
检查室要求,墙面要求,1. 墙面平整且垂直地面；2. 系统滤波板和失超管波导洞口尺寸 / 位置符合安装要求；3. 系统滤波板波导外表面突出屏蔽层，与装饰层齐平；4. 屏蔽商准备 M5/M8 螺丝、螺母,UNKNOWN,p1:墙 200 3.7 200 Tm 1.0 600 3.5 3.6 3.1 室内盘管与室外机之间 3.8 有管路连接，需在墙面 3.9 开洞，具体位置由工程 师现场沟通决定 设备室 3.2 3.3 室外失超管从磁体后方 3.4 至走廊，向下至负一 | p1:管与室外机之间 3.8 有管路连接，需在墙面 3.9 开洞，具体位置由工程 师现场沟通决定 设备室 3.2 3.3 室外失超管从磁体后方 3.4 至走廊，向下至负一预 3940 两台MR共用 留地洞到一楼外墙，抬升 空调与冷水机室外 至5m水平,"大模型调用失败: HTTPSConnectionPool(host='dashscope.aliyuncs.com', port=443): Max retries exceeded with url: /compatible-mode/v1/chat/completions (Caused by NameResolutionError(""<urllib3.connection.HTTPSConnection object at 0x1176f5430>: Failed to resolve 'dashscope.aliyuncs.com' ([Errno 8] nodename nor servname provided, or not known)""))",0.0
检查室要求,噪声要求 - 测量值,1. 操作者位置：105dB (A)（Ingenia /Achieva系列/Multiva 1.5T/Ingenia Elition）；40dB (A)（Ingenia MR 7700 控制室）；99db(A)(Prodiva系列）2. 检查床前：101dB (A)（Ingenia /Achieva系列/Multiva 系列/Ingenia Elition ）96db(A)(Prodiva系列）；3. 磁体 1 米周围：99dB (A)（Ingenia 3.0T）；94db(A)(Prodiva)  75dB (A)（设备室，其他型号）,UNKNOWN,p1:ries exceeded with url: /compatible-mo...] 2050 7000 2400 Y 控制室 1.5 2.2 0.5mT出墙， 2.2 需做铁磁屏蔽 2.1 2500 3200 1.2 Z 5000 1.1 1. | p1:.2 0.5mT出墙， 2.2 需做铁磁屏蔽 2.1 2500 3200 1.2 Z 5000 1.1 1.4 检查室 磁体入口，洞口大小： Tm 7 2300宽x2600高 Tm 3 洞口待磁体进入后再砌墙封闭 Tm 1 Tm 5.0 8'进 | p1:.5 3.6 3.1 室内盘管与室外机之间 3.8 有管路连接，需在墙面 3.9 开洞，具体位置由工程 师现场沟通决定 设备室 3.2 3.3 室外失超管从磁体后方 3.4 至走廊，向下至负一预 3940 两台MR共用 留地洞到一楼外墙，抬升 空,"大模型调用失败: HTTPSConnectionPool(host='dashscope.aliyuncs.com', port=443): Max retries exceeded with url: /compatible-mode/v1/chat/completions (Caused by NameResolutionError(""<urllib3.connection.HTTPSConnection object at 0x1176f4920>: Failed to resolve 'dashscope.aliyuncs.com' ([Errno 8] nodename nor servname provided, or not known)""))",0.0
检查室要求,噪声要求 - 降噪,1. 天花材料吸音系数 > 0.7；2. 主音频范围 600~1000Hz；3. 屏蔽门衰减 > 32dB；4. 屏蔽窗衰减 > 40dB；5. 屏蔽室外噪声≤屏蔽门处噪声,UNKNOWN,p1:2.1 2500 3200 1.2 Z 5000 1.1 1.4 检查室 磁体入口，洞口大小： Tm 7 2300宽x2600高 Tm 3 洞口待磁体进入后再砌墙封闭 Tm 1 Tm 5.0 8'进水管需加三通 Ø50mm的下水管 Tm 3.0,"大模型调用失败: HTTPSConnectionPool(host='dashscope.aliyuncs.com', port=443): Max retries exceeded with url: /compatible-mode/v1/chat/completions (Caused by NameResolutionError(""<urllib3.connection.HTTPSConnection object at 0x1176f76b0>: Failed to resolve 'dashscope.aliyuncs.com' ([Errno 8] nodename nor servname provided, or not known)""))",0.0
检查室要求,照明要求 - 灯具类型,推荐白炽灯 / 卤素灯，禁止荧光灯、节能灯、常规 LED 灯、电子调光灯,UNKNOWN,,图纸中未找到可验证的相关证据,0.0
检查室要求,照明要求 - 照度,1. 病人检查：200Lux；2. 安装维修：500Lux；3. 避免扫描床和磁体背后正上方设照明,UNKNOWN,p1:.2 0.5mT出墙， 2.2 需做铁磁屏蔽 2.1 2500 3200 1.2 Z 5000 1.1 1.4 检查室 磁体入口，洞口大小： Tm 7 2300宽x2600高 Tm 3 洞口待磁体进入后再砌墙封闭 Tm 1 Tm 5.0 8'进,"大模型调用失败: HTTPSConnectionPool(host='dashscope.aliyuncs.com', port=443): Max retries exceeded with url: /compatible-mode/v1/chat/completions (Caused by NameResolutionError(""<urllib3.connection.HTTPSConnection object at 0x1176b3b00>: Failed to resolve 'dashscope.aliyuncs.com' ([Errno 8] nodename nor servname provided, or not known)""))",0.0
检查室要求,插座要求,1. 墙面安装 10A 通用电源插座；2. 吊顶上部隔层内（磁体顶部附近）安装 10A 插座 + 带开关照明灯（Ingenia 3.0T/CX/Achieva/Multiva）；16A 插座 + 带开关照明灯（Ingenia MR 5300/Ingenia MR 7700/Prodiva/Ingenia Elition）,UNKNOWN,,图纸中未找到可验证的相关证据,0.0
设备室要求,净尺寸 - 长度,1. 推荐：Ingenia 3.0T/CX>5000mm，Ingenia MR 5300>5500mm，Achieva 1.5T/3.0/Multiva 1.5T>5000mm，Ingenia MR 7700/Ingenia Elition >6500mm，Ingenia 3.0T CX>5000mm；  Prodiva1.5T > 6500mm2. 最小：Ingenia 3.0T≥4000mm，Ingenia MR 5300≥4800mm，Achieva 1.5T/Multiva1.5T≥4000mm，Ingenia MR 7700/Ingenia Elition≥5000mm，Ingenia 3.0T CX≥4000mm   Prodiva1.5T≥5000mm,UNKNOWN,,图纸中未找到可验证的相关证据,0.0
设备室要求,净尺寸 - 宽度,1. 推荐：Ingenia 3.0T/CX>4000mm，Ingenia MR 5300>3500mm，Achieva 1.5T/3.0/Multiva1.5T>4000mm，Ingenia MR 7700/Ingenia Elition>3500mm，Ingenia 3.0T CX>4000mm；Prodiva1.5T >3500mm2. 最小：Ingenia 3.0T≥3000mm，Ingenia MR 5300≥2500mm，Achieva 1.5T/Multiva1.5T≥3000mm，Ingenia MR 7700/IngeniaElition≥2500mm，Ingenia 3.0T CX≥3000mm   Prodiva1.5T >2200mm,UNKNOWN,,图纸中未找到可验证的相关证据,0.0
设备室要求,净尺寸 - 结构高度,1. 推荐：所有型号 > 3200mm；2. 最小：Ingenia 3.0T≥3000mm，Ingenia MR 5300≥2600mm，Achieva 1.5T/3.0/Multiva1.5T≥3000mm，Ingenia MR 7700/IngeniaElition≥2600mm，Ingenia 3.0T CX≥3000mm  Prodiva1.5T≥3000mm,UNKNOWN,,图纸中未找到可验证的相关证据,0.0
设备室要求,设备最大允许磁场强度,1. 系统滤波板（SFB）：7mT（所有型号）；2. 主电源分配柜（MDU）：15mT（所有型号）；3. 梯度放大柜（GAC）：15mT（所有型号）；4. 数据处理柜（DACC）：5mT（所有型号）；5. 操作台：5mT（Ingenia 3.0T/Achieva 1.5T），15mT（Ingenia MR 5300/Ingenia MR 7700）,UNKNOWN,p1:.5 3.6 3.1 室内盘管与室外机之间 3.8 有管路连接，需在墙面 3.9 开洞，具体位置由工程 师现场沟通决定 设备室 3.2 3.3 室外失超管从磁体后方 3.4 至走廊，向下至负一预 3940 两台MR共用 留地洞到一楼外墙，抬升,"大模型调用失败: HTTPSConnectionPool(host='dashscope.aliyuncs.com', port=443): Max retries exceeded with url: /compatible-mode/v1/chat/completions (Caused by NameResolutionError(""<urllib3.connection.HTTPSConnection object at 0x10ed7ddc0>: Failed to resolve 'dashscope.aliyuncs.com' ([Errno 8] nodename nor servname provided, or not known)""))",0.0
设备室要求,供水要求 - 进水,进水管径 6 分，球阀，压力 0.15~0.6MPa，流量≥10L/min，符合市政供水要求,UNKNOWN,p1:口待磁体进入后再砌墙封闭 Tm 1 Tm 5.0 8'进水管需加三通 Ø50mm的下水管 Tm 3.0 1.3 235 分别接至空调、 地漏 通至室外下水沟 水冷机和LCC 装饰层 屏蔽层 原始墙 200 3.7 200 Tm 1.0 600,"大模型调用失败: HTTPSConnectionPool(host='dashscope.aliyuncs.com', port=443): Max retries exceeded with url: /compatible-mode/v1/chat/completions (Caused by NameResolutionError(""<urllib3.connection.HTTPSConnection object at 0x1176f7530>: Failed to resolve 'dashscope.aliyuncs.com' ([Errno 8] nodename nor servname provided, or not known)""))",0.0
设备室要求,供水要求 - 排水,排水口 > 2 寸，与排水系统相连,UNKNOWN,,图纸中未找到可验证的相关证据,0.0
控制室要求,净尺寸 - 长度,1. 推荐：所有型号 > 4000mm；2. 最小：所有型号≥3200mm,UNKNOWN,,图纸中未找到可验证的相关证据,0.0
控制室要求,净尺寸 - 宽度,1. 推荐：所有型号 > 3000mm；2. 最小：所有型号≥2000mm,UNKNOWN,,图纸中未找到可验证的相关证据,0.0
控制室要求,净尺寸 - 结构高度,1. 推荐：Ingenia 3.0/Prodiva 1.5TT>3200mm，Ingenia MR 5300>3000mm，Achieva 1.5T/Multiva1.5T>3200mm，Ingenia MR 7700/Ingenia Elition>3200mm；2. 最小：Ingenia 3.0T≥2800mm，Ingenia MR 5300 /IngeniaElition无明确要求，Achieva 1.5T/3.0/Multiva1.5T≥2800mm,UNKNOWN,,图纸中未找到可验证的相关证据,0.0
控制室要求,噪声要求,1. 测量值：操作台前 1 米处 55dB (A)（Ingenia 3.0T/Achieva 1.5T/3.0T/Multiva1.5T）；40dB (A)（Ingenia MR 5300/Ingenia MR 7700/IngeniaElition）；75db(A)(Prodiva 1.5T/Ingenia 3.0T CX)2. 降噪：天花材料吸音系数 > 0.6，主音频范围 600~1000Hz,UNKNOWN,,图纸中未找到可验证的相关证据,0.0
控制室要求,照明要求,1. 日常：50~100Lux；2. 维修：500Lux；3. 避免光线直射控制台监视器,UNKNOWN,p1:ries exceeded with url: /compatible-mo...] 2050 7000 2400 Y 控制室 1.5 2.2 0.5mT出墙， 2.2 需做铁磁屏蔽 2.1 2500 3200 1.2 Z 5000 1.1 1,"大模型调用失败: HTTPSConnectionPool(host='dashscope.aliyuncs.com', port=443): Max retries exceeded with url: /compatible-mode/v1/chat/completions (Caused by NameResolutionError(""<urllib3.connection.HTTPSConnection object at 0x1176f4f80>: Failed to resolve 'dashscope.aliyuncs.com' ([Errno 8] nodename nor servname provided, or not known)""))",0.0
电气要求,主电源 - 电压 / 频率,380V±10%，AC，3P/N/PE，50Hz±1Hz,UNKNOWN,,图纸中未找到可验证的相关证据,0.0
电气要求,主电源 - 额定容量,1. Ingenia 3.0T/Achieva 3.0T/Ingenia Elition：86kVA；2. Ingenia MR 5300：60kVA；3. Achieva 1.5T：60kVA（单梯）/80kVA（双梯）；4. Ingenia MR 7700：115kVA；5. Ingenia 3.0T CX：无明确要求（参考 Ingenia 3.0T）Prodiva 1.5T:50KVA    Achieva 3.0T   86kVA Multiva 1.5T  60KVA,UNKNOWN,,图纸中未找到可验证的相关证据,0.0
电气要求,主电源 - 额定电流,1. Ingenia 3.0T/Ingenia Elition：124A；2. Ingenia MR 5300：90A；3. Ingenia MR 7700：175A  4 Prodiva 1.5 T100A 5 Achieva 1.5T/3.0T:125A(双梯) /100A(单梯)  6  Multiva 1.5T 100A,UNKNOWN,,图纸中未找到可验证的相关证据,0.0
电气要求,主电源 - 电源内阻,1. Ingenia 3.0T/Multiva1.5T/Achieva 3.0T：<150mΩ；2. Ingenia MR 5300：<200mΩ；3. Achieva 1.5T/3.0T：≤200mΩ（单梯）/≤150mΩ（双梯）；4. Ingenia MR 7700：<110mΩ；5. Ingenia 3.0T CX：无明确要求（参考 Ingenia 3.0T）6   IngeniaElition <200mΩ（Elition S）; <150mΩ（Elition X）,UNKNOWN,,图纸中未找到可验证的相关证据,0.0
电气要求,辅助电源 - 额定功率,80kW（具体视空调 / 水冷设备而定）,UNKNOWN,,图纸中未找到可验证的相关证据,0.0
电气要求,辅助电源 - 主断路器,200A（所有型号）,UNKNOWN,,图纸中未找到可验证的相关证据,0.0
电气要求,接地系统,1. 推荐：TN-S/TT 系统，严禁 TN-C 系统；2. 接地电阻：联合接地 < 1Ω，独立接地 < 4Ω（所有型号）；3. 保护接地用线线径≥35mm²，与相线相等或为相线 1/2  零地电压差：＜5V（建议＜1V RMS）,UNKNOWN,,图纸中未找到可验证的相关证据,0.0
网络要求,硬件要求,1. 千兆以太网，6 类网线，RJ45 插座；2. 需联通后处理工作站、激光相机等；3. Achieva 1.5T：建议 4 个网络端口（三用一备），位置在控制室观察窗下方距地 30cm,UNKNOWN,p1:0 Tm 1.0 600 3.5 3.6 3.1 室内盘管与室外机之间 3.8 有管路连接，需在墙面 3.9 开洞，具体位置由工程 师现场沟通决定 设备室 3.2 3.3 室外失超管从磁体后方 3.4 至走廊，向下至负一预 3940 两台MR共,"大模型调用失败: HTTPSConnectionPool(host='dashscope.aliyuncs.com', port=443): Max retries exceeded with url: /compatible-mode/v1/chat/completions (Caused by NameResolutionError(""<urllib3.connection.HTTPSConnection object at 0x1176f6840>: Failed to resolve 'dashscope.aliyuncs.com' ([Errno 8] nodename nor servname provided, or not known)""))",0.0
网络要求,远程服务（PRS）,1. 需 4G 信号或稳定外网连接；2. 支持远程诊断、维修、软件升级；3. 接入方式：ADSL（推荐）、固定 IP、动态 IP 等,UNKNOWN,p1:compatible-mo...] 2050 7000 2400 Y 控制室 1.5 2.2 0.5mT出墙， 2.2 需做铁磁屏蔽 2.1 2500 3200 1.2 Z 5000 1.1 1.4 检查室 磁体入口，洞口大小： Tm 7 2,"大模型调用失败: HTTPSConnectionPool(host='dashscope.aliyuncs.com', port=443): Max retries exceeded with url: /compatible-mode/v1/chat/completions (Caused by NameResolutionError(""<urllib3.connection.HTTPSConnection object at 0x117718500>: Failed to resolve 'dashscope.aliyuncs.com' ([Errno 8] nodename nor servname provided, or not known)""))",0.0
冷却水要求,水冷机室外机距离,与磁体中心距离≥5 米（所有型号）,UNKNOWN,p1:负一预 3940 两台MR共用 留地洞到一楼外墙，抬升 空调与冷水机室外 至5m水平排放， 机平台(须远离失 预计长30米，90°弯头3个 超管排放区域) 6000长，2000宽， 高出地面200 C20以上基础 注： 3.11 0.5mT磁,"大模型调用失败: HTTPSConnectionPool(host='dashscope.aliyuncs.com', port=443): Max retries exceeded with url: /compatible-mode/v1/chat/completions (Caused by NameResolutionError(""<urllib3.connection.HTTPSConnection object at 0x10ed7dac0>: Failed to resolve 'dashscope.aliyuncs.com' ([Errno 8] nodename nor servname provided, or not known)""))",0.0
冷却水要求,基础平台,1. 尺寸：3m×2.5m（常规）；6m×2m（Ingenia MR 5300/Ingenia MR 7700 空调室外机）；2. 材料：C25 混凝土，厚度≥20cm，表面水平平整,UNKNOWN,p1:， 机平台(须远离失 预计长30米，90°弯头3个 超管排放区域) 6000长，2000宽， 高出地面200 C20以上基础 注： 3.11 0.5mT磁场控制区域，带心脏起搏 器、胰岛素泵和其他金属在体内的 病人，请勿进入。 更衣1 氦气排放,"大模型调用失败: HTTPSConnectionPool(host='dashscope.aliyuncs.com', port=443): Max retries exceeded with url: /compatible-mode/v1/chat/completions (Caused by NameResolutionError(""<urllib3.connection.HTTPSConnection object at 0x1176f5100>: Failed to resolve 'dashscope.aliyuncs.com' ([Errno 8] nodename nor servname provided, or not known)""))",0.0
冷却水要求,防护措施,室外机周围设栅栏 / 围挡，预留足够散热空间（≥1 米）,UNKNOWN,p1:Tm 1 Tm 5.0 8'进水管需加三通 Ø50mm的下水管 Tm 3.0 1.3 235 分别接至空调、 地漏 通至室外下水沟 水冷机和LCC 装饰层 屏蔽层 原始墙 200 3.7 200 Tm 1.0 600 3.5 3.6 3.1 室 | p1:水冷机和LCC 装饰层 屏蔽层 原始墙 200 3.7 200 Tm 1.0 600 3.5 3.6 3.1 室内盘管与室外机之间 3.8 有管路连接，需在墙面 3.9 开洞，具体位置由工程 师现场沟通决定 设备室 3.2 3.3 室外失超管从磁,"大模型调用失败: HTTPSConnectionPool(host='dashscope.aliyuncs.com', port=443): Max retries exceeded with url: /compatible-mode/v1/chat/completions (Caused by NameResolutionError(""<urllib3.connection.HTTPSConnection object at 0x1176f4890>: Failed to resolve 'dashscope.aliyuncs.com' ([Errno 8] nodename nor servname provided, or not known)""))",0.0
空调要求,检查室 - 温度,18~22°C（所有型号）,UNKNOWN,,图纸中未找到可验证的相关证据,0.0
空调要求,检查室 - 相对湿度,40%~70%（所有型号）,UNKNOWN,,图纸中未找到可验证的相关证据,0.0
空调要求,设备室 - 温度,15~24°C（所有型号）,UNKNOWN,,图纸中未找到可验证的相关证据,0.0
空调要求,设备室 - 相对湿度,30%~70%（所有型号）,UNKNOWN,,图纸中未找到可验证的相关证据,0.0
空调要求,控制室 - 温度,18~24°C（所有型号）,UNKNOWN,,图纸中未找到可验证的相关证据,0.0
空调要求,控制室 - 相对湿度,30%~70%（所有型号）,UNKNOWN,,图纸中未找到可验证的相关证据,0.0
空调要求,换气量,检查室每小时换气 5 次或至少 400m³/h（Ingenia 3.0T/Ingenia MR 5300/Ingenia MR 7700）；≥500m³/h（Achieva 1.5T）,UNKNOWN,p1:.5 2.2 0.5mT出墙， 2.2 需做铁磁屏蔽 2.1 2500 3200 1.2 Z 5000 1.1 1.4 检查室 磁体入口，洞口大小： Tm 7 2300宽x2600高 Tm 3 洞口待磁体进入后再砌墙封闭 Tm 1 Tm 5.0 | p1:.5 2.2 0.5mT出墙， 2.2 需做铁磁屏蔽 2.1 2500 3200 1.2 Z 5000 1.1 1.4 检查室 磁体入口，洞口大小： Tm 7 2300宽x2600高 Tm 3 洞口待磁体进入后再砌墙封闭 Tm 1 Tm 5.0,"大模型调用失败: HTTPSConnectionPool(host='dashscope.aliyuncs.com', port=443): Max retries exceeded with url: /compatible-mode/v1/chat/completions (Caused by NameResolutionError(""<urllib3.connection.HTTPSConnection object at 0x1176f75f0>: Failed to resolve 'dashscope.aliyuncs.com' ([Errno 8] nodename nor servname provided, or not known)""))",0.0
空调要求,空调类型,检查室 / 设备室建议专用恒温恒湿空调，控制室建议中央空调或独立空调（避免噪声 / 温度波动）,UNKNOWN,p1:.5 2.2 0.5mT出墙， 2.2 需做铁磁屏蔽 2.1 2500 3200 1.2 Z 5000 1.1 1.4 检查室 磁体入口，洞口大小： Tm 7 2300宽x2600高 Tm 3 洞口待磁体进入后再砌墙封闭 Tm 1 Tm 5.0 | p1:.5 3.6 3.1 室内盘管与室外机之间 3.8 有管路连接，需在墙面 3.9 开洞，具体位置由工程 师现场沟通决定 设备室 3.2 3.3 室外失超管从磁体后方 3.4 至走廊，向下至负一预 3940 两台MR共用 留地洞到一楼外墙，抬升 | p1:.5 3.6 3.1 室内盘管与室外机之间 3.8 有管路连接，需在墙面 3.9 开洞，具体位置由工程 师现场沟通决定 设备室 3.2 3.3 室外失超管从磁体后方 3.4 至走廊，向下至负一预 3940 两台MR共用 留地洞到一楼外墙，抬升 空,"大模型调用失败: HTTPSConnectionPool(host='dashscope.aliyuncs.com', port=443): Max retries exceeded with url: /compatible-mode/v1/chat/completions (Caused by NameResolutionError(""<urllib3.connection.HTTPSConnection object at 0x1176b3830>: Failed to resolve 'dashscope.aliyuncs.com' ([Errno 8] nodename nor servname provided, or not known)""))",0.0
准备区域 / 更衣室要求,设置要求,强烈建议在检查区域周边设置，避免病人误带铁磁物体进入检查室,UNKNOWN,,图纸中未找到可验证的相关证据,0.0
外部失超围栏,样式,"失超（氦气排放）管室外部分允许的最大压降为
50mBar。排放形式：1 出外墙排放，2 外墙开口排放 3 屋顶排放   外部失超围栏制作：根据实际场地坏境不同，选择对应的排放形式，做对应的失超围栏",UNKNOWN,p1:管与室外机之间 3.8 有管路连接，需在墙面 3.9 开洞，具体位置由工程 师现场沟通决定 设备室 3.2 3.3 室外失超管从磁体后方 3.4 至走廊，向下至负一预 3940 两台MR共用 留地洞到一楼外墙，抬升 空调与冷水机室外 至5m水平 | p1:以上基础 注： 3.11 0.5mT磁场控制区域，带心脏起搏 器、胰岛素泵和其他金属在体内的 病人，请勿进入。 更衣1 氦气排放区域 必须在失超管墙外设置防护栏和警 系 统 布 局 图 告标志，防止意外冻伤。 .redloh thgirypoc e,"大模型调用失败: HTTPSConnectionPool(host='dashscope.aliyuncs.com', port=443): Max retries exceeded with url: /compatible-mode/v1/chat/completions (Caused by NameResolutionError(""<urllib3.connection.HTTPSConnection object at 0x117718230>: Failed to resolve 'dashscope.aliyuncs.com' ([Errno 8] nodename nor servname provided, or not known)""))",0.0
铁磁屏蔽,,"磁场屏蔽要求是根据现场实际情况，使控制区域最小化或者使磁场在检查室内。如
果需要额外的铁磁屏蔽，请联系飞利浦。客户负责与额外的铁磁屏蔽有关的一切费
用。在一定条件下，可以要求减小 0.5mT 磁力线的影响区域。在一定的限定条件下，通过在检
查室的墙体上增加铁磁屏蔽可以达到上述要求。磁体屏蔽由特定钢材组成，薄板厚度在
2~20 毫米之间。铁板的大小和厚度由飞利浦被动屏蔽计算所决定。",UNKNOWN,p1:米，90°弯头3个 超管排放区域) 6000长，2000宽， 高出地面200 C20以上基础 注： 3.11 0.5mT磁场控制区域，带心脏起搏 器、胰岛素泵和其他金属在体内的 病人，请勿进入。 更衣1 氦气排放区域 必须在失超管墙外设置防护栏 | p1:atible-mo...] 2050 7000 2400 Y 控制室 1.5 2.2 0.5mT出墙， 2.2 需做铁磁屏蔽 2.1 2500 3200 1.2 Z 5000 1.1 1.4 检查室 磁体入口，洞口大小： Tm 7 2300宽x,"大模型调用失败: HTTPSConnectionPool(host='dashscope.aliyuncs.com', port=443): Max retries exceeded with url: /compatible-mode/v1/chat/completions (Caused by NameResolutionError(""<urllib3.connection.HTTPSConnection object at 0x1176f76e0>: Failed to resolve 'dashscope.aliyuncs.com' ([Errno 8] nodename nor servname provided, or not known)""))",0.0
